variable,count,mean,std,min,25%,50%,75%,max,original
dummy1,1000.0,0.00029056287400968246,0.010657383604513144,-0.0325073327777722,-0.007339844310450774,-0.0001751646588026,0.007549601777860826,0.0312352001211948,-0.0119000208564372
dummy2,1000.0,-0.0002430158006155014,0.010249825143168138,-0.0332470521926921,-0.007232035080143275,-0.0005023144933743999,0.00670606826462355,0.0295602580535643,-0.0121487410982099
x1,1000.0,0.1261538840105114,3.0028310911302323,-8.243291673466691,-1.800377976335674,0.013733314106656699,2.038196503680627,28.202028790391992,28.202028790391992
x2,1000.0,0.18015361898996207,8.02978804345198,-24.55310155100639,-5.159849657892195,0.24484854025028596,5.3723101002312115,75.05222838773096,75.05222838773096
x3,1000.0,0.034698363971893784,1.9228298001357653,-5.41419494853767,-1.2489971311215793,-0.04602039600987455,1.2272773881049055,17.75321780977402,17.75321780977402
